ax,ay,az,gx,gy,gz,temp,flame
-3276,-128,15876,-1081,-586,-44,73,1
-3252,-112,15984,-1071,-608,-64,73,1
-3304,-120,16008,-1061,-586,-74,73,1
-3232,-64,15980,-1054,-619,-49,73,1
-3272,-176,15920,-1082,-630,-59,73,1
-3304,-36,16060,-1111,-634,-43,73,1
-3248,-72,15916,-1072,-631,-68,73,1
-3256,-88,15956,-1050,-593,-76,73,1
-3300,-136,15932,-1039,-605,-58,73,1
-3316,-72,16088,-1064,-608,-32,73,1
-3356,-108,16016,-1064,-646,-34,73,1
-3340,-96,15896,-1049,-611,-49,73,1
-3276,-104,15960,-1073,-636,-44,73,1
-3292,-68,16036,-1032,-586,-32,73,1
-3232,-128,16020,-1083,-658,-41,73,1
-3252,-96,15980,-1088,-646,-43,73,1
-3300,-88,16092,-1062,-651,-68,73,1
-3316,-96,16084,-1043,-594,-52,73,1
-3268,-80,15876,-1082,-621,-59,73,1
-3300,-112,15956,-1058,-632,-75,73,1
-3260,-52,16040,-1076,-600,-74,73,1
-3324,-120,15992,-1054,-609,-50,73,1
-3328,-68,15988,-1060,-607,-43,73,1
-3280,-100,15904,-1052,-587,-75,73,1
-3264,-96,15988,-1065,-618,-72,73,1
-3300,-136,16068,-1075,-604,-53,73,1
-3232,-124,16016,-1066,-600,-54,73,1
-3348,-56,15940,-1075,-648,-42,73,1
-3304,-112,16048,-1048,-595,-55,73,1
-3320,-80,16024,-1061,-583,-76,73,1
-3372,-100,16076,-1086,-624,-59,73,1
-3264,-108,15956,-1088,-618,-78,73,1
-3300,-116,15968,-1063,-619,-60,73,1
-3304,-80,16144,-1078,-590,-94,73,1
-3308,-148,16076,-1036,-584,-72,73,1
-3320,-76,16196,-1041,-609,-63,73,1
-3340,-64,15912,-1081,-631,-63,73,1
-3236,-56,16032,-1099,-637,-64,73,1
-3348,-64,16056,-1015,-618,-60,73,1
-3280,-88,15992,-1024,-557,-72,73,1
-3284,-56,16032,-1067,-614,-41,73,1
-3236,-76,16016,-1076,-617,-74,73,1
-3280,-48,16084,-1057,-610,-82,73,1
-3328,-64,15976,-1004,-600,-30,73,1
-3304,-80,16128,-1081,-589,-52,73,1
-3268,-64,15964,-1059,-624,-41,73,1
-3288,-24,16128,-1043,-588,-72,73,1
-3288,-132,16008,-1032,-640,-39,73,1
-3284,-20,15996,-1085,-635,-63,73,1
-3328,-4,15960,-1065,-592,-38,73,1
-3312,-40,15936,-1050,-581,-40,73,1
-3320,-128,16168,-1060,-623,-64,73,1
-3352,-116,15964,-1059,-619,-84,73,1
-3340,-92,16104,-1074,-631,-48,73,1
-3280,-96,15980,-1094,-613,-60,73,1
-3296,-40,16008,-1067,-608,-35,73,1
-3416,-84,15948,-1072,-590,-78,73,1
-3324,-76,15836,-1052,-614,-72,73,1
-3248,-132,15972,-1062,-506,-53,73,1
-3392,-48,16120,-1047,-789,-1,73,1
-3208,-92,16228,-1057,-765,19,73,1
-3324,-152,15984,-1173,-787,274,73,1
-3212,-88,16080,-1019,-715,-37,73,1
-3248,-232,15872,-1074,-504,-95,73,1
-3212,-56,15828,-1072,-479,-77,73,1
-3496,-108,15872,-1011,-604,-357,73,1
-3368,-44,15924,-1075,-683,-91,73,1
-3400,-36,15956,-1091,-791,-49,73,1
-3292,-120,15956,-1051,-669,-46,73,1
-3456,-84,15956,-1065,-761,-30,73,1
-3368,-96,16056,-1087,-305,-56,73,1
-3400,-44,15912,-936,-569,-622,73,1
-3136,-216,16172,-935,-490,-813,73,1
-3208,-96,15992,-1101,-571,-62,73,1
-3272,-24,15916,-1093,-620,-45,73,1
-3324,-152,16000,-1082,-700,-61,73,1
-2936,-1172,15632,-890,-874,-18,407,0
-9900,2592,12904,-1690,223,-294,70,1
-6888,-120,20244,-550,101,405,70,1
-2532,500,14616,-1281,-2240,16,70,1
-6824,-612,16528,-791,-2107,115,70,1
-264,-424,14520,-1074,-1663,-94,70,1
-4156,-300,15732,-1002,-579,-18,70,1
-3080,-164,16028,-1127,-336,-80,70,1
-3412,232,16588,-1129,-639,-44,70,1
-4620,-48,16640,-736,-513,220,396,1
-3476,-764,14488,-903,-1994,135,70,1
-6432,-512,14680,-1098,-1239,-290,376,1
0,0,0,0,0,0,195,1
-17308,-4160,19848,-593,-2279,487,160,1
-15572,5496,25348,-2337,-6794,-2838,148,1
-11176,-9924,21920,434,178,-105,152,1
6924,1408,29384,1473,3565,249,144,1
11004,-3752,-7804,-3480,-1130,822,70,1
-8796,7272,31284,-1079,-2018,-96,133,1
-580,-8340,21184,-503,200,-938,144,1
2944,4840,28320,1433,3916,619,132,1
4272,-752,-6104,-3180,-527,1007,121,1
-5888,716,14260,-1310,-662,-878,131,1
6704,3820,31548,2259,4657,512,150,1
-15024,-3260,28912,-1283,-4573,-242,144,1
-3184,7840,-4812,-3372,-551,778,88,1
-492,-8228,18692,-987,-179,-1006,116,1
-8620,5564,11024,-2157,-2036,-176,89,1
624,5616,28840,145,936,237,140,1
356,5516,-6008,-2198,945,819,137,1
820,-7928,20556,-346,1228,-1017,134,1
5740,3284,31268,1412,3742,507,142,1
10292,-1580,-1752,-876,-370,919,80,1
368,-6828,20956,-1452,-1807,-744,116,1
-84,4732,17996,1753,3003,189,92,1
12100,-2172,-3300,-1280,888,705,128,1
-7572,3384,11152,-999,106,-922,129,1
-10324,7112,31940,-1170,-3704,-140,119,1
-11664,-8764,21976,-1507,-2157,-642,128,1
4676,3432,26552,2114,4515,489,157,1
13332,-3036,-5164,-1951,1058,694,108,1
-5440,1504,15636,-561,535,-1049,146,1
6772,3156,32336,-318,86,130,148,1
-7032,1948,688,-4305,-3922,84,127,1
3700,5220,21300,1309,2323,113,128,1
8860,-2268,556,-689,-1792,746,147,1
-12908,-8488,17340,-1284,-1010,-762,130,1
-4340,1720,15512,-264,-226,58,160,1
-16120,-3284,31056,-1131,-3362,-213,112,1
6932,-976,1088,-1910,755,693,122,1
0,0,0,0,0,0,151,1
-12312,6844,32767,292,1455,370,140,1
7668,-1072,1108,-1853,590,732,155,1
-14564,-8276,16928,-3534,-3766,-380,129,1
-8348,-9036,20384,-397,1233,-1161,152,1
-9768,4344,12076,-1786,-1819,-177,106,1
7240,4136,30580,1911,4506,527,151,1
-10080,-3156,19024,-409,-2545,759,143,1
-7312,2184,396,-4666,-3589,480,119,1
-7852,-2264,18024,-273,1142,-1127,140,1
-10800,5676,13244,-633,-544,-17,174,1
9876,1556,28292,2448,4881,315,148,1
6552,3768,31852,2297,5142,730,135,1
8480,3120,30924,997,2886,410,148,1
-17232,4176,32767,-1140,-3127,-124,120,1
0,0,0,0,0,0,174,1
7752,-2184,-5668,-2598,873,662,92,1
-8524,-9172,20332,-1987,-1805,-704,105,1
-6992,-6344,17380,-1294,-1301,-935,134,1
-3076,1132,15020,600,1415,107,146,1
-6100,6452,31488,36,1039,269,145,1
-15512,-2012,29032,-606,-3858,367,128,1
4960,-844,-8260,-2804,277,507,87,1
-15120,-7204,11240,-3944,-3837,-196,122,1
-2980,3956,-5272,-3775,-3057,-359,100,1
-3624,8904,-5424,-4489,-2837,458,114,1
-9012,-3004,5316,-4821,-2722,232,72,1
-5884,3444,-1852,-3800,-3787,-465,128,1
-10004,-8952,18000,-1546,-1189,-911,143,1
-5884,-4232,18712,-238,1523,-1260,148,1
-7048,-5168,18228,-1085,-968,-987,122,1
-7644,368,17688,-1021,-364,-1094,142,1
0,0,0,0,0,0,96,1
10628,396,28200,2184,5094,632,147,1
-764,5732,29788,-133,606,254,141,1
-15352,-1840,27608,-1280,-3578,-15,142,1
-15396,-472,30908,-1245,-4904,-105,150,1
5284,-436,4136,-937,-952,877,100,1
-9228,-76,1588,-3966,-2099,528,90,1
-860,-8964,20012,-1135,-876,-883,134,1
-6668,-928,18136,-1740,-1605,-786,129,1
4132,5572,19156,491,1571,5,82,1
-11292,5640,32767,182,879,192,142,1
-15528,-1452,30240,-1175,-4954,-207,152,1
8696,-1764,-3360,-1375,197,755,128,1
-10788,-9284,20080,-3498,-3558,-588,157,1
692,-7084,19056,-327,1433,-1265,142,1
-9208,5028,11640,-1882,-1269,-651,104,1
-10244,5784,14048,176,1160,37,128,1
9604,-3944,29576,1974,4619,515,98,1
-13424,-4448,25400,-1089,-4301,-76,112,1
10380,-1672,-4256,-2815,139,637,117,1
-552,-8140,21104,-253,789,-1123,96,1
3544,5016,17672,232,1412,-19,124,1
-13724,-2120,25060,-1229,-3041,-79,149,1
9424,-1544,-4364,-2463,511,610,128,1
-11016,-9332,19940,-2131,-2435,-800,149,1
-4944,-10484,21588,-352,1225,-1181,136,1
-8136,-168,16648,-1752,-1440,-1016,137,1
648,3704,12964,-1213,-1019,-129,150,1
-3860,2408,14752,1013,2535,20,84,1
8216,3080,30036,2038,4285,469,100,1
-10280,6484,32767,79,422,166,128,1
4904,5356,30736,-816,-1320,226,88,1
-14588,-4108,31764,-1549,-5454,-463,145,1
4324,820,5652,-630,-2310,967,139,1
8312,-1076,-6396,-3527,-1653,519,103,1
-13580,-9160,19144,-1448,-1678,-669,112,1
-9000,2840,12388,-1345,-1124,-1026,139,1
4076,4972,17616,2357,4442,290,136,1
-15848,-308,31336,-1266,-4114,-71,170,1
-1004,3020,-5960,-2266,420,532,136,1
0,0,0,0,0,0,159,1
9984,1924,26288,1612,3622,113,144,1
7220,2164,31968,36,983,210,132,1
-15876,-836,32767,-1032,-4447,73,129,1
5508,-2092,2040,-1462,-907,718,84,1
-15596,-6936,12436,-4630,-3929,48,148,1
-112,-9400,20712,-368,811,-1150,122,1
5460,5396,18616,1846,3643,99,112,1
-14992,-1132,30888,-1383,-3209,-160,72,1
7316,-856,-84,-1862,501,786,152,1
-8560,-10208,21576,-768,-28,-881,147,1
-3324,1540,14044,-1342,-1059,-87,175,1
-6060,7824,31976,1016,2600,421,96,1
-16608,1816,-1,-1,-1,-1,149,1
-124,2696,9608,-1033,-1384,826,95,1
6012,-220,3272,-962,-319,957,137,1
-2336,8192,-5408,-3308,-881,679,148,1
-8832,-10124,21508,-3076,-3417,-469,128,1
-4276,-8256,23656,-603,810,-1169,96,1
-5264,968,14220,-1519,-1097,-113,166,1
-15904,2552,32767,-626,-549,23,68,1
4008,2748,8380,-1118,-1100,836,143,1
-2300,8128,-6656,-4214,-2267,662,72,1
-8956,8128,-6656,-4214,-2267,662,108,1
-11004,4372,11640,-1904,-1953,-1014,129,1
-9088,2108,12616,-2345,-2187,-425,131,1
-4956,3128,15356,-1785,-1770,-246,147,1
-3752,2136,14632,1427,3009,-124,110,1
6964,3884,32767,1270,2952,394,112,1
-13160,4216,32767,-740,-1326,98,128,1
4780,3768,31472,-570,-912,102,128,1
-13076,-3328,32767,-1241,-3532,-132,127,1
-1576,1744,9588,-1276,-4578,-125,151,1
3460,692,7924,-1022,-1067,903,152,1
3372,408,-7608,-2849,-43,825,96,1
-1776,7148,-7220,-3594,-1594,429,118,1
-15792,-8184,11432,-4330,-3361,584,104,1
-3672,6904,-4668,-4227,-3264,584,91,1
-13672,-9908,18088,-3276,-3640,-486,132,1
-15324,-7952,9600,-2720,-2815,-617,135,1
-14412,-8552,15928,-2970,-3320,-582,148,1
-13004,-8980,17588,-1,-1,-1,74,1
-15252,-8128,14636,-1311,-1726,-856,145,1
-2220,-9428,18724,-393,1166,-1290,143,1
0,0,0,0,0,0,100,1
10160,1684,28312,2602,5086,407,161,1
-820,6332,30304,501,1689,552,155,1
-2380,1628,10184,-1230,-4622,-217,143,1
5748,-128,3092,-1453,152,898,137,1
-15628,-6240,11464,-3951,-4128,-234,179,1
-5396,-7764,18488,-556,583,-1155,143,1
-7180,-3456,18672,-1175,-391,-1174,135,1
-3188,1888,13648,-1168,-789,-157,143,1
1496,3796,14576,2292,4411,206,108,1
6092,3816,32767,1101,2912,437,114,1
-12128,-4200,25116,-1425,-4054,-281,144,1
-1908,1304,10328,-1036,-1826,787,145,1
-240,8340,-7020,-3772,-1508,760,120,1
-3932,-9344,19340,-432,230,-1101,84,1
-8352,4528,13408,-519,551,-73,148,1
-2608,6032,29928,-524,-881,37,118,1
8768,-664,-6240,-1726,161,755,100,1
-1500,-9160,23216,-1311,-1393,-811,144,1
-6328,-420,17592,-1770,-1052,-777,118,1
9944,2572,29548,2340,4592,276,149,1
-13204,-4008,23404,-1335,-3375,-176,119,1
-2564,1328,9944,-357,-2725,717,134,1
-1280,7796,-6136,-3135,-467,759,80,1
-1128,-8876,22656,-1551,-1985,-803,139,1
-6104,1188,13736,-2169,-1688,-481,121,1
6940,2660,32536,2355,4919,378,114,1
-17456,1192,32767,-758,-4064,187,149,1
5112,-1036,-3308,-1770,-154,799,100,1
-15584,-6944,11932,-4283,-4226,243,142,1
-8200,-9200,21192,-683,736,-1094,113,1
-7728,2060,14356,-1638,-1179,-921,116,1
9376,372,29528,1195,2952,28,142,1
7440,3648,31500,-187,217,148,130,1
3700,2832,8304,-1022,-1610,743,157,1
0,0,0,0,0,0,143,1
-6728,-144,16164,-2057,-1503,-603,84,1
8956,1768,27496,2183,4499,182,130,1
-10824,7544,32767,343,1630,281,124,1
-13148,-5236,25512,-681,-3941,52,112,1
-1820,8404,-6332,-3673,-2009,671,104,1
-6776,80,14464,-567,375,-1121,68,1
8856,1220,28308,2013,4298,433,136,1
1276,2784,9368,-913,-2352,730,147,1
-11156,-2320,3860,-4112,-3214,483,82,1
-1092,-9056,23080,-341,781,-1145,116,1
-812,3868,13196,336,1831,-91,136,1
-3240,6124,32767,113,1020,513,155,1
-4984,252,12287,-1,-1,-1,167,1
-4308,7940,-5100,-2606,50,614,96,1
-11680,-3392,4376,-3271,-3790,-346,160,1
-8632,-9988,19636,-1725,-1695,-838,116,1
-7952,-3012,19496,-368,966,-1384,133,1
-6928,-2080,18964,-1514,-1117,-1083,128,1
9044,468,28516,2040,3998,142,129,1
5176,4204,29768,-1097,-2536,-102,70,1
5500,-188,5080,-1341,-41,824,151,1
-13168,-9404,5080,-1341,-41,824,104,1
3692,3056,20048,447,1586,72,146,1
3640,4580,30292,2003,4584,479,105,1
-2832,6932,31148,-923,-1885,-18,88,1
-1800,688,10972,-953,-3754,176,89,1
6308,-1136,-7756,-1214,12,835,96,1
-1512,7812,-5876,-4259,-4055,350,108,1
-4616,-10076,20964,-505,553,-1014,118,1
-7320,316,13920,-1388,-801,-1060,140,1
-8284,1824,13872,-2110,-1767,-332,72,1
7020,3080,32584,1411,3824,528,138,1
7888,-892,-360,-897,-1469,749,128,1
-3712,-9944,20272,-2466,-2820,-864,134,1
-6496,-6492,18108,-1008,128,-1292,120,1
-3140,2496,13648,-1263,-597,-122,149,1
8556,816,27040,2035,4582,606,112,1
-2668,6560,31156,-527,-679,76,137,1
4648,1120,5020,-684,-2134,801,116,1
-16104,-6124,8084,-3992,-2456,782,92,1
-12276,-9468,19236,-1320,-1196,-966,134,1
-7656,1292,13852,-1467,-811,-1066,153,1
-7436,-28,17856,-2236,-2055,-527,106,1
-3752,2316,13760,-2236,-2055,-527,68,1
-14404,5724,32767,-495,-820,74,130,1
-14236,3680,32767,-1237,-4866,-70,169,1
3568,1828,6896,-770,-1565,905,122,1
-804,5528,-7264,-2475,406,682,136,1
-9568,-484,2216,-3316,-3519,-597,149,1
-2976,-10028,19236,-611,887,-1173,120,1
8488,2096,26180,1320,3289,-30,147,1
9644,1196,30388,1465,3580,387,104,1
-1932,6096,31388,-541,-602,102,112,1
-12396,-4392,23096,-1328,-4792,-109,143,1
-8900,-2772,16640,-795,-2320,799,136,1
-1440,5160,-7372,-3579,-1488,770,96,1
-988,-8732,21972,-779,-61,-928,129,1
-3672,2052,14172,-2343,-1947,-395,80,1
9476,1660,27832,2410,5104,319,116,1
4084,4212,31460,1044,2646,579,132,1
7488,2816,31728,444,1662,326,132,1
-16944,1392,32767,-1240,-4398,-183,159,1
4248,-648,6932,-720,-2521,-1,112,1
172,4180,-6376,-1865,70,913,136,1
-1024,5588,-6788,-1865,70,913,118,1
-6508,-6100,19272,-188,1532,-1209,148,1
-5616,-1524,18680,-1990,-1391,-851,128,1
-2012,2908,13132,-768,338,-100,160,1
9016,1404,29616,1716,3615,-11,128,1
1612,3900,14112,1891,3908,0,143,1
8204,2760,24300,2208,4374,-7,130,1
6048,4044,20304,556,2059,-158,92,1
8816,2592,27524,488,1642,-89,108,1
1736,3076,14036,1936,3965,-10,132,1
7380,3104,23292,1402,3226,-61,100,1
10232,2196,29672,1789,3797,41,130,1
9320,1100,28592,2129,4605,434,124,1
5336,4076,30792,564,1927,577,153,1
-14800,-3084,27708,-1033,-2771,-11,118,1
-13080,-1808,25316,-1098,-4475,104,139,1
6184,-224,-1888,-1013,-1499,946,108,1
2008,992,-7024,-3980,-2671,811,140,1
-15104,-7800,14793,-1,-1,-1,137,1
-2952,-8364,19592,-315,824,-1230,138,1
-7864,-200,16756,-750,500,-1332,151,1
-5104,-8196,18420,-1442,-811,-1204,140,1
-8580,-3156,18752,-1049,-128,-1227,148,1
-6840,-384,18088,-518,969,-1303,145,1
-2572,-8964,18672,-711,651,-1217,144,1
-7156,-2760,19112,-1105,-275,-1280,130,1
-7780,-1012,17276,-641,472,-1413,145,1
-1476,-7392,22700,-342,1161,-1325,148,1
76,-6236,21088,-445,998,-1291,122,1
80,-5560,21552,-1077,-130,-1096,143,1
-12660,-8984,16200,-1055,-723,-763,130,1
-6740,-9868,21316,-1228,-832,-895,143,1
-8760,-3036,19152,-435,1071,-1369,148,1
-7552,-468,17632,-2087,-2076,-638,139,1
-9320,5560,13440,-2099,-1860,-489,111,1
6684,4636,21196,-547,511,-1,144,1
8872,532,28700,2175,4615,498,77,1
-13432,7120,32767,-1291,-3214,-137,88,1
4044,704,5452,-911,-2498,778,109,1
5112,164,2312,-1953,392,778,161,1
-612,8256,-6576,-4231,-2590,725,102,1
-13912,-9172,13888,-3425,-3538,-389,174,1
-9160,-1756,2656,-2771,-2580,-530,120,1
-10312,-9880,19156,-1067,-742,-858,140,1
-6272,-10312,20580,-2372,-2255,-790,145,1
-4440,3244,-2612,-3551,-3429,-36,141,1
-12496,-7208,10728,-3961,-3173,-202,137,1
-13312,-10512,17276,-3886,-3747,183,150,1
-8324,-2356,4064,-4417,-3536,127,143,1
-15448,-8392,13432,-3603,-4149,-47,151,1
-120,7972,-6440,-4349,-3404,117,143,1
-14816,-8192,11340,-2767,-3712,-310,114,1
-1180,-8116,21588,-1042,-233,-965,117,1
-8028,-6296,20100,-1472,-842,-1179,116,1
-6120,4640,14112,-1827,-1354,-339,91,1
7240,1480,31648,2205,4532,83,128,1
6752,2680,32767,482,1700,280,100,1
-15520,-3208,32767,482,1700,280,74,1
-1404,8172,-6736,-3421,-922,682,120,1
-2324,5928,-7148,-4265,-3903,453,97,1
-9112,-760,2884,-4194,-4018,-3,143,1
-13520,-9012,16440,-3046,-3356,-529,133,1
-9320,-10552,20460,-3271,-3422,-344,159,1
-3792,8028,-4148,-4261,-3633,637,96,1
-6904,1360,68,-4129,-2763,630,116,1
-14584,-8516,12504,-4471,-3194,470,72,1
-9224,668,1640,-4034,-4207,170,151,1
-15600,-7876,12564,-3954,-3837,-19,127,1
-3088,7812,-6228,-4133,-3980,291,84,1
-3256,7264,-5824,-4305,-3941,323,72,1
-12728,-9928,19556,-2284,-2798,-659,147,1
-13864,-8756,16792,-846,-535,-964,135,1
-1096,-7360,22516,-311,1150,-1117,136,1
-8012,-5504,18116,-311,1000,-1381,104,1
-796,-7992,20300,-604,433,-1346,136,1
-8176,676,13184,-2399,-2194,-759,96,1
6452,3988,20248,-111,1329,-141,145,1
4896,5328,17768,2421,4982,225,137,1
6424,1500,30752,160,890,144,134,1
-15416,652,32767,-1242,-3371,-36,80,1
980,5828,31720,-1345,-3269,-123,95,1
0,0,0,0,0,0,159,1
992,1064,-7320,-2381,328,702,148,1
-15920,-7020,10644,-4111,-3153,649,88,1
-3004,7004,-5320,-4221,-3635,392,132,1
-16108,-7016,11624,-4223,-4235,67,128,1
1288,2304,-6788,-4481,-2759,293,122,1
3284,-564,-7808,-2358,-256,1064,136,1
5256,328,-4592,-1321,-688,899,124,1
4644,1136,-1368,-759,-2266,1045,136,1
-10108,-4268,22456,-783,-3778,517,143,1
-11320,-3560,20988,-1418,-4857,-60,151,1
3972,3888,32400,-1149,-2196,9,76,1
-11172,6932,32767,-1253,-3168,-47,127,1
472,2104,8920,-513,-3400,696,140,1
6496,-1708,-8084,-1595,-1042,824,141,1
5648,40,1996,-1746,-405,821,121,1
0,0,0,0,0,0,115,1
-11624,-10464,19596,-3630,-3690,-136,155,1
-15744,-7559,-1,-1,-1,-1,163,1
-10608,-10440,20240,-1130,-463,-1012,136,1
-4136,-9144,19248,-413,911,-1075,124,1
-3484,-8444,22268,-411,915,-1497,100,1
-3856,-8928,19752,-306,870,-1224,108,1
-7804,-4852,18528,-293,1351,-1342,119,1
-2128,-6244,22448,-370,1227,-1370,72,1
-8316,-4992,19208,-879,268,-1419,141,1
-8440,24,14040,-1105,-190,-1212,144,1
-6948,-7168,19476,-1703,-1229,-1092,140,1
-8628,-324,17928,-1358,-685,-1219,128,1
-9960,2560,11608,-1179,-409,-1220,138,1
-7440,-1536,18240,-1761,-1251,-1088,104,1
-11576,3772,11956,-1927,-1747,-731,95,1
-17406,18486,-27633,-13576,-13826,1280,82,1
5312,4352,19540,-267,696,-80,148,1
9568,392,29960,1672,3758,457,124,1
-13564,7756,32767,-1318,-3654,-29,121,1
-4848,-1712,11236,-1361,-4777,65,119,1
-16508,812,32767,-908,-4254,223,96,1
3116,1272,5624,-1346,-1296,936,114,1
6124,-628,-8524,-1633,-57,801,153,1
-4032,6896,-3368,-3100,-1022,770,136,1
5692,-552,-8080,-2829,269,666,136,1
-1588,7784,-6236,-3963,-2478,670,128,1
-16400,-7284,11524,-4259,-3689,455,104,1
-288,7224,-7568,-4322,-3413,333,112,1
4076,-508,-8284,-2247,385,643,112,1
-2836,3892,-7680,-2550,-419,752,148,1
5912,-236,2060,-2095,630,673,128,1
5272,-1016,-8144,-3076,-809,813,117,1
26623,-1,-1,-1,-1,-1,148,1
888,1136,-8596,-3378,-1678,776,127,1
940,5092,-4888,-2565,255,608,127,1
-1640,5952,-5956,-2329,53,809,116,1
960,2104,7684,-1189,-1309,1065,88,1
-7672,-2776,15316,-1014,-4069,285,138,1
-13232,-4944,23768,-1280,-4323,29,80,1
-5012,6676,32767,-1139,-3721,19,114,1
-15808,528,32767,-1388,-4385,-128,127,1
-7640,-2884,15420,-1040,-4486,98,143,1
-15412,2708,32767,-1272,-4488,5,124,1
0,0,0,0,0,0,141,1
6652,-1440,-4448,-1401,-1614,861,112,1
6636,-536,-1960,-1932,364,820,143,1
5092,-1608,-8488,-2121,111,744,129,1
308,3700,-6376,-2069,420,866,143,1
4420,932,-3896,-2667,-360,760,128,1
5532,-796,-7480,-2571,-363,863,142,1
1852,-1012,-9128,-2379,155,739,145,1
-1292,1628,-6960,-1701,-83,985,148,1
3568,3656,7972,-1332,-1392,961,141,1
2152,1872,8952,-779,-2466,929,100,1
-9196,-1864,19580,-986,-4303,185,136,1
2524,4028,32072,-1190,-3048,-7,132,1
6592,4488,31180,-303,-66,137,136,1
-5024,6576,32767,-424,-460,29,120,1
-10848,-5032,22080,-1292,-4101,-47,76,1
-15384,-1044,32767,-738,-4274,219,146,1
4256,1380,4856,-971,-1615,903,147,1
0,0,0,0,0,0,122,1
-2828,-8684,23456,-214,866,-1177,127,1
-2828,-8684,23456,-214,866,-1177,72,1
-15668,2872,32767,-1440,-3899,-98,80,1
4988,288,1196,-1037,-1786,936,114,1
6212,-1716,-8444,-3271,-1398,778,128,1
-11548,-9208,17028,-1800,-2242,-772,143,1
-9160,-2152,20316,-422,1026,-1225,146,1
-11192,4900,11724,-1875,-1637,-306,157,1
9748,1756,29088,2114,4185,-1,128,1
-15372,7012,32767,-125,464,140,133,1
-16552,116,32767,-1,-1,-1,179,1
4708,168,4420,-1527,-537,890,125,1
1216,-644,-8464,-2880,-371,597,128,1
-7752,468,792,-3995,-2059,698,72,1
-15212,-9088,15200,-4097,-3414,601,116,1
4128,-52,-8208,-2625,-286,762,116,1
4232,556,-3352,-1807,-469,935,77,1
4680,1356,-6740,-1206,-1173,1002,96,1
-3572,-24,11800,-808,-2187,993,96,1
4516,-384,3888,-1278,-510,961,79,1
3040,-1412,-8420,-2156,153,828,149,1
-4480,4388,-1104,-3589,-1893,677,124,1
-1044,6144,-6316,-4025,-3129,584,96,1
-14956,-6252,9368,-3966,-3859,-78,143,1
-9220,-11016,20244,-2623,-3202,-760,140,1
-15176,-8244,14244,-2412,-3126,-623,137,1
-4088,-8140,22944,-1226,-1045,-1010,125,1
-5516,-9408,22328,-284,959,-1185,111,1
-7216,-4172,18880,-804,199,-1322,143,1
-8784,3300,12108,-1564,-938,-1259,140,1
-7696,-7640,18224,-1222,-649,-1250,132,1
-8508,-5420,17984,-693,527,-1429,159,1
-7892,-3492,18952,-356,970,-1351,132,1
-4120,-9056,21876,-409,665,-1240,131,1
-3132,-9048,19556,-199,1025,-1161,88,1
-9400,-6472,19180,-270,1365,-1025,118,1
-11148,-10560,19872,-1187,-594,-985,116,1
-7252,-9380,22068,-1941,-2279,-752,141,1
-15876,-7916,11924,-2116,-2627,-726,124,1
-15500,-8404,14396,-3624,-3483,-274,139,1
4112,-84,-7360,-3365,-1068,843,135,1
2552,1232,5084,-1316,-1275,959,72,1
3384,824,5560,-788,-2033,1043,116,1
340,2968,9052,-599,-3899,523,116,1
-16116,-560,30484,-876,-4022,422,136,1
-12792,-3804,24408,-1107,-4575,222,158,1
-16152,-144,32767,-1081,-2933,21,144,1
6196,3808,32767,-535,-736,112,119,1
-12864,6756,32767,-980,-2137,76,111,1
-10816,-3488,21288,-1192,-4505,-107,140,1
-15572,-3304,27480,-961,-4166,362,129,1
-248,3660,9236,-868,-3075,642,137,1
3732,4,4924,-700,-2630,906,136,1
-11164,-4944,22304,-881,-2520,913,112,1
2740,1124,7364,-881,-2520,913,128,1
5688,-36,-3236,-2119,-82,907,141,1
4408,-844,-8480,-2532,276,584,140,1
-4952,4440,-2448,-3752,-2347,791,102,1
-7800,-9336,16383,-1,-1,-1,150,1
-2512,-7240,22904,-425,1304,-1331,147,1
-9424,-5188,19800,-848,208,-1290,117,1
-7920,-1036,17920,-548,704,-1487,139,1
-4064,-8584,21608,-291,1239,-1265,108,1
-7300,-6864,19708,-461,1074,-1322,141,1
-9176,5080,13344,-2241,-1999,-835,99,1
-4612,3328,14172,574,2065,-134,136,1
8576,-232,28876,2329,4845,252,143,1
5560,3984,30800,2069,4560,444,138,1
8144,4116,32176,335,1437,472,134,1
4844,3256,30696,364,1396,259,90,1
4100,3840,31396,1694,3669,481,151,1
7824,5504,20968,2432,4890,193,139,1
8240,3112,24096,1600,3751,-134,141,1
8420,1124,27040,653,2293,-241,149,1
-7256,4268,14332,43,1482,-100,175,1
-3272,2332,13124,-1069,-500,-373,158,1
4840,3740,14504,-1301,-360,-246,145,1
0,0,0,0,0,0,156,1
8004,3472,32767,2179,4613,425,103,1
8440,1924,30884,931,2568,371,139,1
-3224,4928,32412,-910,-1959,102,112,1
-13292,6904,32767,-947,-1262,189,112,1
3568,3928,31540,-1131,-2483,97,135,1
-3688,6192,32672,-767,-1216,61,88,1
-4452,5336,32767,-53,400,299,108,1
728,4336,31808,1114,3000,409,140,1
10084,1432,29344,1968,4278,497,112,1
9736,1604,28996,2352,5032,246,143,1
9544,1796,28248,1472,3492,16,144,1
-6736,5516,14704,-1001,-139,-363,167,1
-6472,4160,14704,-1562,-936,-377,134,1
-8824,6228,13764,-1754,-1106,-1405,129,1
-1116,-6124,21780,-536,958,-1400,137,1
-9492,-4864,20276,-572,846,-1246,145,1
-12840,-10244,18408,-717,250,-1109,120,1
-15852,-8892,14304,-2543,-3330,-522,160,1
-16420,-7704,11664,-4184,-2943,603,133,1
3880,-876,-8336,-3001,-657,821,134,1
3400,-840,-8360,-2360,-148,797,131,1
3348,-1188,-8348,-1820,-796,853,159,1
-10108,-4156,17700,-854,-3302,757,127,1
-14636,-3644,28992,-1053,-4107,70,147,1
-15520,148,31072,-947,-2214,74,134,1
7724,4844,31492,-244,56,370,80,1
6864,3448,31900,-200,-96,134,131,1
-7704,7564,32767,-550,-645,254,104,1
-13188,-3424,24512,-1286,-3154,30,133,1
-15132,2872,32767,-1213,-4556,117,159,1
-12152,-4188,26820,-1058,-3841,146,96,1
-9240,6284,32767,-1251,-4108,176,66,1
-15456,1128,32767,-1466,-4352,-78,80,1
-14696,-3628,27116,-1331,-3812,31,102,1
-5508,6488,32767,-1316,-3247,-24,64,1
-15720,4416,32767,-1318,-3999,84,88,1
-9384,-3052,17304,-1248,-4458,86,141,1
-14792,6192,32767,-1304,-4209,113,143,1
-12840,-3060,26468,-1139,-4306,97,111,1
-14592,-3112,26392,-1227,-2921,139,116,1
9380,4376,31444,773,2495,690,130,1
9168,1420,30276,2529,4991,140,100,1
-10224,4644,14444,-295,893,-1,128,1
-9524,2408,11960,-2040,-1813,-497,72,1
-8152,-32,13652,-1785,-1406,-1136,98,1
-8616,-2928,19888,-356,907,-1333,124,1
-9396,-10216,21252,-824,200,-945,128,1
-10660,-11736,21504,-1460,-1515,-768,136,1
-7652,1700,592,-3492,-3863,-483,162,1
-13948,-8600,14904,-2665,-2962,-691,128,1
-13284,-9480,16364,-3890,-3593,17,155,1
-236,84,-8676,-3626,-2181,773,140,1
-1748,7876,-5844,-4086,-2529,432,96,1
-14652,-7284,13344,-4122,-4014,-257,143,1
-12768,-4332,6704,-2815,-2952,-836,149,1
-14588,-8152,13208,-3552,-3798,-165,150,1
-15500,-8468,12840,-4314,-3314,487,96,1
-1724,7784,-6780,-4086,-3160,479,108,1
-6252,20,1100,-4303,-2603,344,104,1
-14644,-6384,5856,-3945,-2903,624,128,1
3364,-20,-8896,-2578,-263,784,128,1
5656,-1220,-6220,-2340,-611,938,115,1
5688,112,-3792,-907,-1378,1134,151,1
-15440,-660,29836,-1072,-4291,430,150,1
-11020,6436,32767,-1064,-2569,149,127,1
-1128,5720,32767,1310,3387,798,133,1
9400,2096,28152,2517,5082,247,133,1
9168,1620,30452,2290,4586,220,146,1
11748,652,29796,1247,3275,-16,150,1
0,0,0,0,0,0,130,1
-10852,5184,12484,-2245,-2262,-964,117,1
-2864,-8688,19392,-812,105,-1425,133,1
-4796,-7636,19372,-655,585,-1244,139,1
-608,-7560,19664,-792,257,-1176,80,1
-13476,-9064,15756,-1243,-430,-881,117,1
-10484,-10496,19964,-1354,-1250,-958,96,1
-4988,-9200,22904,-1843,-2604,-631,140,1
-14096,-8840,14604,-1839,-2245,-584,144,1
-8936,-10756,20740,-2003,-2084,-700,136,1
-12908,-9656,16628,-1338,-841,-912,140,1
-1612,-8844,21344,-420,885,-1280,132,1
-7628,1084,15040,-1000,227,-1409,128,1
-7040,-336,18164,-2249,-2032,-788,134,1
-9448,6136,11968,-2434,-2139,-732,106,1
-3100,3388,13672,-2266,-2279,-589,112,1
-7704,328,16204,-2298,-1910,-977,125,1
-10396,772,11904,-1847,-1599,-1055,124,1
-7608,-5912,20084,-1711,-1075,-1029,134,1
-8980,-2108,19224,-1142,-449,-1550,145,1
-8404,-1812,18720,-334,1161,-1331,144,1
-7836,-10892,21688,-669,364,-1170,112,1
-7528,-11184,20976,-1838,-1706,-771,140,1
-3980,6968,-3212,-3588,-3926,-85,141,1
-10056,-3456,5828,-4181,-3457,-11,142,1
-14736,-7156,9400,-4154,-3147,468,112,1
-1672,7724,-5740,-4097,-3579,72,134,1
-10004,-9836,19504,-1164,-1249,-832,140,1
-2336,-8952,21508,-1263,-1260,-814,140,1
-15140,-8552,15380,-1822,-2629,-764,130,1
-7916,-10652,21236,-1893,-2097,-843,144,1
-14896,-8484,15068,-2561,-1,-1,136,1
-584,-8256,21940,-303,1045,-1423,88,1
-8576,-584,18268,-878,309,-1337,141,1
-10304,4716,11688,-1549,-906,-1339,124,1
-5756,-940,16528,-1879,-1491,-842,130,1
-8820,644,13060,-1562,-1059,-1036,137,1
-1920,-7024,22724,-623,661,-1530,151,1
-4232,-9124,22048,-575,780,-994,135,1
-2076,-8432,22880,-782,332,-1018,139,1
-10380,-9900,19300,-551,820,-1172,136,1
-6784,-10324,22052,-914,-20,-1110,130,1
-2924,-8272,22568,-1255,-733,-747,140,1
-13588,-8892,15116,-923,-426,-791,122,1
-7388,-11064,20904,-897,-355,-1046,144,1
-3472,-9044,19576,-372,861,-1233,120,1
-8092,-10500,20028,-823,654,-1087,141,1
-9160,-10644,19808,-2068,-1482,-815,144,1
-2196,4824,-6352,-4045,-3727,555,133,1
-2708,3108,-5688,-3646,-1685,559,134,1
-492,6972,-5096,-3297,-724,603,136,1
-2856,6816,-6056,-2471,-152,960,128,1
2868,300,5204,-1432,-307,976,120,1
2752,1732,5480,-873,-1611,1137,122,1
4648,-120,1896,-967,-2307,997,139,1
-15776,644,32032,-760,-4035,551,150,1
-7624,7236,32767,-1210,-2688,-100,104,1
6564,4436,31548,1600,3826,605,159,1
9336,2268,27944,2234,4415,442,127,1
9272,3220,31052,2135,4700,546,112,1
5904,3588,30724,1716,4030,521,80,1
8696,1580,30268,1598,3720,502,143,1
6600,3212,30840,903,2203,463,108,1
-14972,2360,32767,-943,-1808,195,104,1
4432,3476,32116,-1022,-1854,63,131,1
1920,4680,32068,190,1213,342,134,1
5260,4060,31820,1712,3877,546,90,1
8500,124,28340,2346,4481,463,96,1
7872,1496,32696,1885,4430,486,76,1
5356,4108,31388,1538,3408,399,128,1
8184,2448,31892,623,1848,534,99,1
7700,3864,32767,1072,2872,499,154,1
-5080,3472,32767,194,892,584,141,1
7692,3924,32767,-208,44,178,120,1
8672,3208,31640,1307,3419,627,137,1
8004,1068,29769,-1,-1,-1,124,1
9440,1408,29464,2441,4856,164,109,1
9360,1996,29852,1417,3554,-32,144,1
-8684,3012,12548,-2197,-1897,-587,137,1
-7052,4,14356,-1318,-681,-1373,127,1
-9428,1604,12104,-1236,-528,-1481,141,1
-2240,-8328,21324,-558,765,-1412,96,1
-2484,-8340,21064,-414,854,-1176,124,1
-8692,-5576,20272,-273,1192,-1110,145,1
-4504,-8764,23368,-350,979,-1298,108,1
-9776,-7120,19716,-403,994,-1306,146,1
-4372,-8708,23556,-460,1002,-1464,140,1
-7936,-7420,18280,-869,196,-1479,121,1
-8796,316,16648,-1216,-615,-1366,72,1
-8372,-5848,18928,-1837,-1409,-1182,134,1
-8416,1592,11668,-2275,-1959,-667,130,1
-2468,2888,12916,-1831,-1287,-309,87,1
-6592,4140,14248,-176,1208,-190,157,1
7836,2364,25488,1968,4376,-48,122,1
9028,4408,31576,2226,4814,629,140,1
7476,2924,32767,-347,2,193,114,1
-12568,-4232,23420,-785,-4106,412,145,1
3928,-1304,-7860,-1363,-2,950,110,1
-9996,-9972,20020,-3695,-3600,-195,157,1
-5992,-9972,22908,-551,751,-1220,116,1
-8620,4644,10980,-2232,-1970,-999,139,1
-9008,5988,12464,-414,1031,-254,160,1
10704,1412,29120,2405,5137,361,120,1
-6880,6640,32767,346,1177,299,136,1
-11868,6552,32767,-1286,-3549,61,95,1
1236,-852,8920,-501,-2671,896,128,1
6272,-1200,-7628,-1593,-102,791,145,1
5888,-944,-1136,-2427,4,441,140,1
5964,620,-7696,-2800,-431,749,112,1
4832,768,-4048,-1691,-505,818,72,1
2560,-1492,-9664,-2316,-88,609,144,1
-9492,-2560,5032,-4132,-2463,499,96,1
-4016,8220,-3012,-3778,-3682,334,131,1
-5500,1244,240,-4479,-2793,258,84,1
-14148,-6728,5992,-3928,-3255,624,76,1
3996,-1556,-8732,-3843,-1507,543,94,1
-2784,5952,-7212,-3661,-2048,743,130,1
-1292,7028,-7480,-3902,-1979,585,118,1
1004,-612,-9124,-3951,-2697,584,80,1
-5488,1956,-996,-4133,-3489,51,143,1
-10500,-9916,19928,-1634,-2142,-706,140,1
-1720,-7328,22680,-1152,-723,-976,128,1
-10248,-10384,19908,-872,-365,-1083,134,1
-9592,-10200,21900,-2443,-2638,-579,148,1
-7820,-20,1232,-3458,-3621,-186,139,1
-7848,744,1436,-4346,-3795,322,151,1
-2720,7480,-4528,-3263,-1265,662,139,1
5328,-80,-4356,-2870,-298,833,147,1
5884,788,-3456,-1887,136,729,138,1
4164,-992,-8448,-1949,399,769,122,1
-492,8924,-6660,-3249,-937,743,80,1
8284,748,-7636,-2972,-1056,684,111,1
724,1512,-6896,-3609,-1299,556,134,1
-1840,7820,-6344,-3642,-1937,538,128,1
-14576,-7812,12996,-4332,-3374,460,79,1
-8404,-620,1480,-3919,-3546,-7,159,1
-12188,-9276,18144,-2255,-2334,-563,148,1
-5176,-10212,22224,-2446,-2482,-778,146,1
-15144,-7172,8920,-3525,-4001,-84,145,1
-14640,-9712,17840,-2882,-3717,-319,175,1
-13304,-5400,8080,-3008,-3162,-631,153,1
-13020,-8744,14972,-3024,-3127,-451,119,1
-2232,7504,-6496,-3756,-3623,-135,167,1
-15336,-5540,7516,-3389,-4146,-262,143,1
-11976,-5196,8236,-4258,-2654,497,108,1
3912,-228,-8880,-3562,-1128,488,134,1
1084,-1460,-8872,-2822,-907,972,159,1
2824,-16,-1864,-1204,-1276,880,112,1
4408,604,600,-816,-2962,845,138,1
-11300,8376,32767,-1249,-3033,195,72,1
392,4692,32440,0,396,131,134,1
3992,4356,32224,1166,3172,602,120,1
1488,2828,12816,1166,3172,602,132,1
5908,6788,22344,1538,3636,-289,137,1
-3416,4120,14488,-2092,-1848,-581,116,1
-912,-6804,19140,-507,939,-1673,90,1
-4260,-9472,21996,-1187,-799,-917,136,1
-13972,-10352,14864,-4672,-3473,237,119,1
3964,-252,1552,-1644,-1313,1124,100,1
-3048,2368,9888,-1110,-4802,190,142,1
6936,4676,32388,-1048,-2701,89,131,1
7724,2164,31108,1932,4158,704,96,1
9784,160,29060,1215,2920,-12,140,1
-9976,4100,12268,-1115,-204,-164,154,1
-9860,3692,13004,-2073,-1617,-375,106,1
-12084,2740,12520,-1976,-1769,-770,122,1
-940,-5960,22460,-389,1000,-1545,159,1
-4728,-8848,22712,-812,-400,-1147,131,1
-7008,-10728,21324,-2578,-2198,-790,141,1
-888,7116,-6424,-4487,-3158,396,87,1
4340,-284,-9760,-1978,-381,866,134,1
104,2752,9412,-804,-4053,444,146,1
7200,4472,30920,-1142,-1900,187,131,1
7840,852,32164,1767,4413,700,142,1
9300,1468,30420,2188,4212,17,134,1
-7076,4748,15168,598,2383,-58,146,1
-11204,4760,13832,-1712,-1259,-362,139,1
-9264,5188,12916,-2081,-1442,-554,111,1
-7648,-5892,18052,-1789,-1265,-1244,117,1
-5700,-8932,18068,-407,1205,-1346,142,1
-444,-6944,22272,-1249,-1909,-1028,138,1
-16132,-6952,8672,-3121,-3915,-274,159,1
-13844,-7556,13140,-4349,-3781,-14,157,1
-840,2464,-6188,-4127,-2783,460,73,1
-2060,6972,-6452,-3973,-3202,508,124,1
-1760,6744,-6900,-3737,-1679,486,100,1
-15164,-7792,9852,-4112,-3571,414,130,1
516,6948,-4908,-4219,-2255,376,128,1
-9544,-1428,3500,-4065,-2914,523,70,1
-13976,-8328,17376,-4211,-3868,2,83,1
-9992,-2488,3872,-3664,-3819,-71,175,1
-11640,-8344,18524,-2864,-2578,-702,152,1
-8020,-10188,22016,-2068,-3152,-522,150,1
-13196,-7228,13664,-3059,-1,-1,154,1
-3792,-7948,24636,-735,66,-1154,142,1
-7880,-480,15696,-710,468,-1479,155,1
-5152,-432,16948,-2289,-1504,-728,86,1
-3800,3384,13868,-290,834,-84,160,1
8724,2424,31408,2290,4772,515,155,1
9412,2236,29844,1093,2613,2047,122,1
8236,3240,32767,1449,3674,546,130,1
3924,3480,30836,1487,3622,524,159,1
8148,4512,25204,2230,4851,449,84,1
9008,1664,30860,2436,4699,172,126,1
8652,3352,32767,2699,5410,437,98,1
8216,884,29588,2089,4461,560,88,1
8792,3416,32767,1257,3054,745,120,1
2952,2612,31712,1510,3646,694,147,1
6912,2268,27544,2026,4636,624,143,1
9600,2016,27536,1923,4636,624,108,1
1279,-23808,0,0,0,0,136,1
9248,2236,24852,2484,5096,174,122,1
7096,5544,21024,916,2656,-287,132,1
9208,2712,23852,-236,969,-1,151,1
-12256,4324,14396,-982,-299,-225,143,1
-8032,2944,13136,-2160,-1645,-1085,88,1
-13056,4772,15024,-1889,-1873,-780,124,1
-8296,-528,17656,-2014,-1743,-988,128,1
-11704,1696,12000,-1998,-1717,-855,135,1
-2888,-8060,17964,-1260,-210,-1523,137,1
-1664,-7800,20708,-347,1187,-1269,116,1
-3592,-8692,17900,-471,469,-1446,100,1
-5216,-8984,22488,-288,1119,-1378,128,1
-9080,-5092,20860,-562,724,-1331,102,1
-6824,-3252,19676,-450,890,-1600,90,1
-5048,-10692,20576,-494,870,-1095,88,1
-3176,-8340,22076,-524,924,-1161,124,1
-3288,-8256,18476,-637,136,-1215,145,1
-9348,-10156,22256,-382,969,-1174,108,1
-12344,-3864,21148,-852,-54,-1183,138,1
-8104,2928,12052,-1214,-393,-1538,136,1
-8404,1244,14984,-2214,-1883,-669,128,1
-5960,4984,14668,-1997,-1527,-361,110,1
-12124,3800,11528,-1352,-296,-267,134,1
872,1480,11920,340,1907,-329,148,1
8944,1780,32516,2752,5207,334,128,1
8020,616,30436,1369,3306,607,139,1
7984,588,31764,420,1405,297,142,1
-10408,7376,32767,-527,-442,214,136,1
8440,2172,32767,-755,-1231,73,128,1
-2920,6832,32767,-1051,-1684,234,100,1
-14932,4652,32767,-901,-1820,187,99,1
8916,4188,32767,-709,-1258,97,128,1
7516,1364,31820,1139,3339,809,125,1
8048,2588,32767,2411,4846,330,148,1
3092,7084,13892,2020,4352,151,123,1
10736,2280,31304,2233,4341,452,145,1
-1288,6436,31248,732,2282,417,112,1
4564,3740,31964,-559,-528,468,130,1
-5084,2028,32767,-1008,-2287,-49,90,1
-4592,6952,32000,-355,-609,121,135,1
-1680,6696,32767,1372,3781,715,147,1
11680,1760,30012,2710,5135,370,128,1
9548,1920,29852,2392,4712,222,128,1
4188,4716,15380,2578,5220,245,128,1
9320,1352,31336,2336,4648,529,109,1
5660,4012,31704,1962,4410,576,159,1
9392,528,30400,1468,3788,567,128,1
8768,2220,32767,1013,2438,467,112,1
1264,5220,32432,1290,3540,648,130,1
8056,1644,32736,1026,2536,450,148,1
-10268,8576,32767,-661,-498,231,121,1
-10148,-2660,14472,-1561,-4910,-21,143,1
-13352,-3856,23672,-706,-3686,709,122,1
5304,1096,3148,-1153,-1390,1078,127,1
6196,-568,-5924,-1491,-1386,970,116,1
-520,4552,8796,-1195,-2359,961,125,1
844,1268,8368,-713,-3471,869,127,1
4236,2464,5860,-946,-3625,558,156,1
-8848,-3028,18280,-776,-2109,972,122,1
4368,184,1560,-1503,-595,893,116,1
4624,-1692,-4272,-1237,-635,774,113,1
5556,-452,-8160,-1433,-1377,1000,136,1
-9176,340,16568,-776,-2548,1059,122,1
1308,2136,6044,-928,-3443,749,128,1
0,0,0,1,-1,-1,136,1
4964,-152,-4984,-1601,-190,642,143,1
1592,-860,-7852,-2256,-777,749,143,1
-14064,-4684,5628,-3688,-2411,495,108,1
312,3220,-8116,-4453,-2556,117,95,1
-14496,-8296,8524,-2929,-4088,-27,142,1
-6124,-10464,21740,-1845,-2162,-705,114,1
-1220,-9048,22372,-350,1025,-1288,126,1
-6896,5600,13592,-2316,-2014,-424,96,1
9064,1372,30812,2104,4500,198,136,1
7732,3120,31460,1288,2933,730,136,1
-9100,5396,32767,-673,-1125,178,124,1
7184,4024,32180,-165,581,692,120,1
-10704,3908,32767,-1314,-3645,16,86,1
4160,1700,4304,-828,-1639,1051,140,1
-10720,-4256,4964,-3733,-2362,426,114,1
-8212,-9800,20648,-1003,-298,-829,146,1
-7128,-3072,19992,-764,571,-1539,152,1
-7512,1020,16224,-2383,-1842,-452,71,1
12,4748,12400,1055,2952,7,144,1
9072,1148,30704,2508,4788,214,133,1
6868,1108,32767,2714,5409,245,103,1
7752,5552,23864,2220,4651,257,104,1
6540,2052,32767,2010,4226,354,96,1
-5908,7712,32767,884,2592,723,147,1
4488,352,31416,-862,-1345,-50,128,1
-15060,5052,32767,-1492,-4054,22,143,1
-7375,-1,-1,-1,-1,-1,143,1
2972,996,6828,-1073,-2399,1018,159,1
6384,4,-3920,-1221,-1844,1029,128,1
2120,1684,7912,-1129,-1065,842,129,1
6888,-2936,-8588,-2196,-326,597,120,1
-5112,4272,-3448,-3674,-1708,439,130,1
-2792,7864,-6448,-3570,-3820,-154,135,1
-13096,-7444,11460,-3471,-3111,-459,159,1
-9284,-10468,20956,-3019,-3957,-539,96,1
-12652,-8928,17968,-1808,-1278,-720,128,1
-2480,-8024,22772,-953,-674,-1124,127,1
-10248,-10080,20528,-430,711,-1144,128,1
-1824,-8580,18576,-251,1285,-1346,147,1
-7136,1092,14096,-764,664,-1489,143,1
-8484,-4760,20200,-1563,-706,-1014,128,1
-10400,4588,12180,-2016,-1301,-907,112,1
-8732,3336,11396,-1453,-643,-263,146,1
3112,4536,14628,1016,2912,-108,124,1
10952,1872,28852,2161,4640,221,117,1
2560,5756,12820,1661,3741,-222,128,1
6556,4624,23120,1544,3431,-110,139,1
10000,1864,31344,2088,4035,167,134,1
4336,1888,15472,1609,3660,4,134,1
7348,3396,25900,1839,4118,24,130,1
8824,2392,22468,-587,501,-119,163,1
-5004,4820,11512,-1922,-684,-439,141,1
-6264,3496,14232,-1134,-84,-174,143,1
6012,5588,18136,-1,-1,-1,142,1
8376,1400,31864,2247,4476,229,122,1
8596,3716,25136,2416,4780,284,124,1
6872,2148,32767,2071,3994,330,138,1
-5108,6988,32767,554,2548,894,106,1
3192,4168,30820,-1008,-1760,121,120,1
-11704,-5144,22624,-1264,-4639,-35,153,1
0,0,0,0,0,0,138,1
812,-1356,-8212,-2630,-171,532,122,1
-204,5932,-6812,-3070,-306,333,127,1
-13336,-8248,8756,-3917,-3782,458,120,1
-11244,-2996,3708,-3760,-3914,-48,145,1
-15868,-9252,13440,-2396,-4070,-212,179,1
624,5332,-4764,-4561,-2453,157,92,1
-536,6060,-6328,-4008,-3268,444,112,1
-5412,9764,-4728,-3839,-2650,635,134,1
712,5072,-6928,-2576,600,308,143,1
5288,1208,-140,-2074,-1018,756,120,1
3396,-144,2412,-1554,-657,793,119,1
3268,976,-8084,-1959,197,565,96,1
-2976,6132,-4872,-2967,-368,523,96,1
1588,-936,-7048,-3420,-2261,671,135,1
2604,-336,-9532,-2566,-294,643,136,1
-2292,9252,-6492,-3492,-1516,447,136,1
-9888,-3044,3768,-2407,-2944,-522,140,1
-9848,-9464,20248,-836,19,-981,146,1
-4552,-8816,18588,-356,1099,-1512,140,1
-12584,2768,12372,-1611,-1395,-1001,72,1
-4452,-9452,19452,-572,649,-1597,125,1
-9124,-2200,19868,-396,966,-1266,127,1
-5324,-8972,22256,-1,-1,-1,121,1
-6280,-7912,20232,-1237,-373,-1094,136,1
-6864,1240,13428,-1880,-1045,-915,84,1
4288,4484,14564,-1012,173,-206,163,1
-4216,2024,14096,719,2385,-226,132,1
8548,2340,32767,1369,3549,511,135,1
-2260,2212,8824,-1268,-4696,20,154,1
-12740,-5268,26132,-693,-2683,1065,136,1
3252,-3164,3436,-1061,-2286,956,120,1
344,236,-8408,-1829,-760,941,138,1
2720,1584,6776,-1397,-349,762,98,1
7928,328,-7244,-2448,-700,606,130,1
1720,2232,-4792,-2368,532,335,120,1
-2660,3216,-7240,-2369,-1015,830,140,1
4028,-988,1860,-1508,173,606,137,1
284,5320,-4888,-3053,-374,342,127,1
-11316,-4296,3816,-3888,-3746,499,76,1
-1592,3536,-6964,-4473,-3468,-97,135,1
-15400,-6604,5096,-3001,-4342,-156,134,1
-9196,-804,1996,-4198,-3221,467,112,1
-9560,-3264,4848,-3650,-1607,463,135,1
1832,3440,-5128,-3429,-537,265,124,1
0,0,0,0,0,0,136,1
2160,-2596,-2748,-2976,531,117,134,1
5524,-92,-7504,-2694,-1452,782,128,1
4148,-1812,3696,-922,-1922,1064,142,1
280,3432,9336,-844,-4053,413,128,1
280,3432,9336,-844,-4053,413,83,1
3740,-1904,3880,-731,-3220,819,96,1
-11636,-4468,25276,-664,-3149,796,128,1
-3716,2832,8172,-1458,-4704,-13,150,1
-328,3420,8104,-1667,-4991,-53,151,1
-11988,8104,32767,-1257,-3850,218,159,1
-12664,2720,32767,-708,-1364,622,80,1
-14828,1484,32767,-810,-1388,212,106,1
7404,1916,32767,230,1065,271,80,1
10480,1544,30256,2613,5526,514,128,1
8664,2424,27144,787,2554,-434,137,1
-11456,3760,13800,-1425,-765,-427,114,1
-9112,-1532,14884,-1269,-1173,-1099,112,1
-14600,-9136,10344,-1403,-2227,-769,137,1
-5148,5808,-2008,-3771,-4039,554,96,1
-1120,5572,-4016,-2348,219,687,142,1
-10996,956,21820,-1002,-2304,1051,127,1
-11404,6392,32767,-1290,-3674,42,131,1
9664,4100,32200,2247,4853,541,109,1
-1980,1592,11800,466,2063,-446,149,1
-12492,2520,13556,-2051,-1819,-587,108,1
-7656,-3364,19584,-427,1047,-1698,96,1
-11504,-10004,19636,-1607,-969,-842,141,1
-16328,-6860,9732,-3674,-4514,317,68,1
5588,-176,-4652,-2717,-826,762,117,1
3848,-680,2132,-967,-1147,714,115,1
-2504,3028,8348,-1329,-4679,309,138,1
-10704,8836,32767,674,2571,1012,137,1
5500,5012,23228,674,2571,1012,70,1
-32764,-19189,257,0,0,0,136,1
4900,3812,30652,1006,2932,1036,132,1
9512,2312,27152,2201,5107,977,137,1
7168,480,31968,1929,4315,708,118,1
-9212,6968,32767,291,1438,651,88,1
-9772,7192,32767,-1575,-4475,-66,84,1
-3924,4060,9424,-640,-2815,852,138,1
4536,-1220,-7288,-1463,-343,805,147,1
-1692,5972,-8688,-2728,100,420,136,1
828,2592,-5884,-3631,-1098,306,132,1
-1600,8100,-6736,-3669,-2261,477,124,1
-1008,3604,-7976,-3008,-807,295,139,1
5560,536,-4152,-2377,-849,878,143,1
3420,916,5120,-1131,-1312,975,104,1
4140,1656,1364,-913,-2426,966,132,1
-14884,-452,31256,-1108,-4343,181,146,1
-11612,-5252,25376,-1030,-3980,294,148,1
-3400,2100,10628,-688,-4149,349,150,1
-1832,2328,9240,-1155,-2362,1026,138,1
5188,408,-976,-1409,-859,1007,112,1
3248,460,1588,-1077,-2232,1053,116,1
-11696,-5792,24100,-835,-2964,689,128,1
-4116,4,10076,-828,-3615,747,145,1
3832,1880,4296,-1166,-2298,868,134,1
5772,-120,-9948,-1495,-1050,945,84,1
4692,548,-876,-2041,-60,742,143,1
2116,2272,-6496,-3056,-208,351,136,1
-360,5048,-5968,-3149,-473,479,131,1
-15828,-7744,11028,-4162,-3285,495,96,1
-16028,-7068,7504,-2970,-4116,-346,153,1
-6000,-9872,21204,-1569,-1872,-878,136,1
-14540,-8872,12876,-1087,-1124,-900,112,1
-11056,-9732,19532,-1,-1,-1,136,1
-12800,-10784,21556,-1700,-2697,-532,141,1
2800,864,-7200,-4208,-1856,449,88,1
844,-1488,-7164,-3299,-1087,619,120,1
5044,180,-5444,-1266,-1388,1098,92,1
-5212,1936,12716,-988,-3898,320,155,1
-14628,7248,32767,-1314,-3626,3,147,1
-15264,-2484,28672,-1678,-4906,-252,114,1
9164,3660,32767,-300,-107,218,98,1
3008,2984,31992,-477,-135,565,134,1
0,0,0,0,0,0,84,1
424,1260,7064,-1533,-5454,-37,133,1
1428,4964,32767,-1264,-2814,48,131,1
7736,-120,31320,2014,4504,587,105,1
5060,4588,18316,-461,763,-275,163,1
-12140,-5048,20648,-1651,-1383,-1043,137,1
-2728,-8520,22208,-741,-269,-1235,138,1
-15960,-9656,17472,-3214,-4741,79,141,1
4748,-1344,-6304,-2462,254,673,104,1
3296,-904,-440,-1314,-831,861,130,1
7072,376,-6144,-1073,-1858,1110,118,1
-10528,-6148,18556,-828,-3173,834,141,1
-7032,-28,12640,-730,-3509,502,136,1
4164,-856,-1184,-1099,-1658,991,140,1
1908,3288,7056,-1180,-845,922,111,1
5900,-1676,-7172,-2693,-475,620,107,1
-1760,6904,-7184,-3275,-1584,683,140,1
-2000,2400,-6764,-2870,202,292,141,1
2300,-1040,-8560,-3185,-1,-1,135,1
-3124,5720,-4236,-4040,-3864,219,142,1
-14968,-8316,14260,-3526,-3795,-116,143,1
-14968,-8316,14260,-3526,-3795,-116,95,1
-12992,-9724,18020,-690,72,-1112,124,1
-12568,-10512,19136,-1509,-2014,-739,128,1
-12948,-8708,17604,-4450,-2502,121,111,1
-256,8232,-6900,-4046,-3280,351,134,1
-14704,-10408,15840,-2482,-3557,-352,154,1
-15636,-7304,11556,-1364,-2042,-815,130,1
-7116,-9864,21772,-1085,-998,-1106,137,1
-7092,-6096,20404,-260,734,-1367,96,1
-3380,-9312,19488,-752,410,-1350,132,1
-7752,-1232,17380,-1290,-719,-1218,124,1
-6576,-3044,18884,-440,1062,-1604,90,1
-13784,-8884,15612,-1956,-1527,-767,128,1
-13892,-8704,13180,-3909,-3599,7,143,1
-1860,6052,-6536,-4076,-3744,-177,143,1
-14816,-9008,15168,-1906,-3172,-583,145,1
-2080,-8056,23148,-1088,-671,-935,142,1
-8848,-10444,21500,-587,540,-1134,135,1
-6364,-8860,20584,-416,812,-1298,80,1
-9096,736,11888,-1349,-979,-1047,118,1
-7868,-3748,19080,-1840,-875,-1115,139,1
-8728,-648,11616,-2089,-1804,-822,135,1
-1972,2252,13256,-2134,-1396,-352,130,1
-3608,2928,12964,-325,1443,-139,160,1
10228,-380,28932,2237,4615,183,131,1
7912,3408,32767,2427,4951,360,128,1
4028,3652,29768,-500,-631,280,136,1
3716,1848,3860,-1083,-1512,973,140,1
-5688,1200,-308,-3392,-1261,274,96,1
-15192,-8712,12392,-1400,-2045,-557,144,1
-8696,-7120,21632,-505,1027,-1163,96,1
-11380,4600,11480,-1534,-992,-1121,128,1
-8320,5192,14335,-1,-1,-1,136,1
1504,4604,30252,-559,-468,327,116,1
9760,-1492,-4984,-1553,-609,3071,133,1
-15476,-6064,8332,-1956,-3272,-664,124,1
-8992,4784,14308,-1549,-646,-244,173,1
-10552,6636,32767,-317,223,377,128,1
-8808,-1380,13812,-1040,-1989,857,137,1
-1428,8400,-5512,-4059,-2739,276,124,1
-5344,-9848,21900,-407,530,-923,108,1
0,0,0,0,0,1023,128,1
5748,6128,16500,108,1902,-249,128,1
